{
    "accuracy": 0.9561,
    "precision": 0.9582892813329956,
    "recall": 0.9561,
    "f1_score": 0.9561530993705856,
    "confusion_matrix": [
        [
            967,
            0,
            1,
            0,
            0,
            0,
            6,
            0,
            5,
            1
        ],
        [
            8,
            1053,
            18,
            6,
            1,
            2,
            5,
            1,
            41,
            0
        ],
        [
            4,
            0,
            1019,
            3,
            0,
            0,
            0,
            1,
            5,
            0
        ],
        [
            0,
            0,
            2,
            993,
            0,
            4,
            0,
            1,
            10,
            0
        ],
        [
            2,
            0,
            1,
            1,
            935,
            0,
            17,
            1,
            12,
            13
        ],
        [
            5,
            0,
            0,
            18,
            0,
            851,
            6,
            0,
            12,
            0
        ],
        [
            8,
            0,
            0,
            0,
            1,
            1,
            941,
            0,
            7,
            0
        ],
        [
            4,
            0,
            48,
            22,
            1,
            0,
            0,
            911,
            10,
            32
        ],
        [
            2,
            0,
            3,
            5,
            1,
            1,
            1,
            1,
            960,
            0
        ],
        [
            10,
            0,
            0,
            29,
            3,
            4,
            1,
            3,
            28,
            931
        ]
    ]
}